{"stats":{"minecraft:custom":{"minecraft:time_since_rest":10707,"minecraft:deaths":1,"minecraft:play_time":17414,"minecraft:crouch_one_cm":63,"minecraft:sprint_one_cm":2244,"minecraft:walk_one_cm":3057,"minecraft:damage_taken":375,"minecraft:sneak_time":115,"minecraft:mob_kills":7,"minecraft:jump":99,"minecraft:damage_dealt":1356,"minecraft:leave_game":6,"minecraft:time_since_death":10171,"minecraft:total_world_time":17414,"minecraft:fly_one_cm":11338},"minecraft:killed":{"minecraft:spider":1,"minecraft:zombie":4,"minecraft:creeper":2},"minecraft:killed_by":{"minecraft:zombie":1},"minecraft:picked_up":{"minecraft:rotten_flesh":3,"minecraft:gunpowder":1,"minecraft:dirt":1,"minecraft:string":2},"minecraft:mined":{"minecraft:grass_block":1},"minecraft:used":{"minecraft:netherite_sword":17,"minecraft:dirt":1}},"DataVersion":3839}